<?xml version="1.0" encoding="utf-8"?>
<rss  xmlns:media="http://search.yahoo.com/mrss/" xmlns:atom="http://www.w3.org/2005/Atom" version="2.0">
<channel>
<title>Demo Newspaper RSS Feed RSS</title>
<link>http://demonewspaper.bdtask.com/DemoNewsPaper-v1.5/</link>
<description></description>
<image>
                    <title>Demo NewspaperRSS Feed</title>
                    <url>http://demonewspaper.bdtask.com/DemoNewsPaper-v1.5/uploads/images/logo.png</url>
                    <link>http://demonewspaper.bdtask.com/DemoNewsPaper-v1.5/</link>
              </image>
                <item>
                    <news_id>103</news_id>
                    <category>Business</category>
                    <title>Contrary to popular belief, Lorem Ipsum is not simply random text</title>
                    <link>http://demonewspaper.bdtask.com/DemoNewsPaper-v1.5/Business/details/103/Contrary-to-popular-belief-Lorem-Ipsum-is-not-simply-random-text</link>
                    <description>Lorem ipsum dolor sit amet, consectetur adipiscing elit. Suspendisse eu cursus lacus. Pellentesque tincidunt elit sit amet ligula viverra, ac congue diam sodales. Aenean elementum, felis vitae malesuada euismod, lorem</description>
                    <pubDate>27-02-2017</pubDate>       
                    <image>
                        <url>http://demonewspaper.bdtask.com/DemoNewsPaper-v1.5/uploads/1488202856.jpeg</url>
                        <title>Contrary to popular belief, Lorem Ipsum is not simply random text</title>
                        <link>http://demonewspaper.bdtask.com/DemoNewsPaper-v1.5/Business/details/103/Contrary-to-popular-belief-Lorem-Ipsum-is-not-simply-random-text</link>
                    </image>
                    <guid isPermaLink='false'>http://demonewspaper.bdtask.com/DemoNewsPaper-v1.5/Business/details/103/Contrary-to-popular-belief-Lorem-Ipsum-is-not-simply-random-text</guid>
                    <image>http://demonewspaper.bdtask.com/DemoNewsPaper-v1.5/uploads/1488202856.jpeg</image>
                    <thumb>http://demonewspaper.bdtask.com/DemoNewsPaper-v1.5/uploads/thumb/1488202856.jpeg</thumb>
                    
                </item>

                <item>
                    <news_id>97</news_id>
                    <category>Business</category>
                    <title>blanditiis praesentium voluptatum deleniti atque corrupti </title>
                    <link>http://demonewspaper.bdtask.com/DemoNewsPaper-v1.5/Business/details/97/blanditiis-praesentium-voluptatum-deleniti-atque-corrupti</link>
                    <description>Lorem Ipsum is simply dummy text of the printing and typesetting industry. Lorem Ipsum has been the industry&amp;#39;s standard dummy text ever since the 1500s, when an unknown printer took</description>
                    <pubDate>27-02-2017</pubDate>       
                    <image>
                        <url>http://demonewspaper.bdtask.com/DemoNewsPaper-v1.5/uploads/1488190861.jpg</url>
                        <title>blanditiis praesentium voluptatum deleniti atque corrupti </title>
                        <link>http://demonewspaper.bdtask.com/DemoNewsPaper-v1.5/Business/details/97/blanditiis-praesentium-voluptatum-deleniti-atque-corrupti</link>
                    </image>
                    <guid isPermaLink='false'>http://demonewspaper.bdtask.com/DemoNewsPaper-v1.5/Business/details/97/blanditiis-praesentium-voluptatum-deleniti-atque-corrupti</guid>
                    <image>http://demonewspaper.bdtask.com/DemoNewsPaper-v1.5/uploads/1488190861.jpg</image>
                    <thumb>http://demonewspaper.bdtask.com/DemoNewsPaper-v1.5/uploads/thumb/1488190861.jpg</thumb>
                    
                </item>

                <item>
                    <news_id></news_id>
                    <category></category>
                    <title></title>
                    <link>http://demonewspaper.bdtask.com/DemoNewsPaper-v1.5//details//</link>
                    <description></description>
                    <pubDate></pubDate>       
                    <image>
                        <url>http://demonewspaper.bdtask.com/DemoNewsPaper-v1.5/uploads/</url>
                        <title></title>
                        <link>http://demonewspaper.bdtask.com/DemoNewsPaper-v1.5//details//</link>
                    </image>
                    <guid isPermaLink='false'>http://demonewspaper.bdtask.com/DemoNewsPaper-v1.5//details//</guid>
                    <image>http://demonewspaper.bdtask.com/DemoNewsPaper-v1.5/uploads/</image>
                    <thumb>http://demonewspaper.bdtask.com/DemoNewsPaper-v1.5/uploads/thumb/</thumb>
                    
                </item>

                <item>
                    <news_id>89</news_id>
                    <category>Business</category>
                    <title>There are many variations of passages of Lorem Ipsum available</title>
                    <link>http://demonewspaper.bdtask.com/DemoNewsPaper-v1.5/Business/details/89/There-are-many-variations-of-passages-of-Lorem-Ipsum-available</link>
                    <description>Contrary to popular belief, Lorem Ipsum is not simply random text. It has roots in a piece of classical Latin literature from 45 BC, making it over 2000 years old.</description>
                    <pubDate>2017-02-19</pubDate>       
                    <image>
                        <url>http://demonewspaper.bdtask.com/DemoNewsPaper-v1.5/uploads/1487491630.jpg</url>
                        <title>There are many variations of passages of Lorem Ipsum available</title>
                        <link>http://demonewspaper.bdtask.com/DemoNewsPaper-v1.5/Business/details/89/There-are-many-variations-of-passages-of-Lorem-Ipsum-available</link>
                    </image>
                    <guid isPermaLink='false'>http://demonewspaper.bdtask.com/DemoNewsPaper-v1.5/Business/details/89/There-are-many-variations-of-passages-of-Lorem-Ipsum-available</guid>
                    <image>http://demonewspaper.bdtask.com/DemoNewsPaper-v1.5/uploads/1487491630.jpg</image>
                    <thumb>http://demonewspaper.bdtask.com/DemoNewsPaper-v1.5/uploads/thumb/1487491630.jpg</thumb>
                    
                </item>

                <item>
                    <news_id>88</news_id>
                    <category>Business</category>
                    <title>There are many variations of passages of Lorem Ipsum available</title>
                    <link>http://demonewspaper.bdtask.com/DemoNewsPaper-v1.5/Business/details/88/There-are-many-variations-of-passages-of-Lorem-Ipsum-available</link>
                    <description>Contrary to popular belief, Lorem Ipsum is not simply random text. It has roots in a piece of classical Latin literature from 45 BC, making it over 2000 years old.</description>
                    <pubDate>2017-02-19</pubDate>       
                    <image>
                        <url>http://demonewspaper.bdtask.com/DemoNewsPaper-v1.5/uploads/1487491641.jpeg</url>
                        <title>There are many variations of passages of Lorem Ipsum available</title>
                        <link>http://demonewspaper.bdtask.com/DemoNewsPaper-v1.5/Business/details/88/There-are-many-variations-of-passages-of-Lorem-Ipsum-available</link>
                    </image>
                    <guid isPermaLink='false'>http://demonewspaper.bdtask.com/DemoNewsPaper-v1.5/Business/details/88/There-are-many-variations-of-passages-of-Lorem-Ipsum-available</guid>
                    <image>http://demonewspaper.bdtask.com/DemoNewsPaper-v1.5/uploads/1487491641.jpeg</image>
                    <thumb>http://demonewspaper.bdtask.com/DemoNewsPaper-v1.5/uploads/thumb/1487491641.jpeg</thumb>
                    
                </item>

                <item>
                    <news_id>87</news_id>
                    <category>Business</category>
                    <title>There are many variations of passages of Lorem Ipsum available</title>
                    <link>http://demonewspaper.bdtask.com/DemoNewsPaper-v1.5/Business/details/87/There-are-many-variations-of-passages-of-Lorem-Ipsum-available</link>
                    <description>Contrary to popular belief, Lorem Ipsum is not simply random text. It has roots in a piece of classical Latin literature from 45 BC, making it over 2000 years old.</description>
                    <pubDate>2017-02-19</pubDate>       
                    <image>
                        <url>http://demonewspaper.bdtask.com/DemoNewsPaper-v1.5/uploads/1487491653.jpeg</url>
                        <title>There are many variations of passages of Lorem Ipsum available</title>
                        <link>http://demonewspaper.bdtask.com/DemoNewsPaper-v1.5/Business/details/87/There-are-many-variations-of-passages-of-Lorem-Ipsum-available</link>
                    </image>
                    <guid isPermaLink='false'>http://demonewspaper.bdtask.com/DemoNewsPaper-v1.5/Business/details/87/There-are-many-variations-of-passages-of-Lorem-Ipsum-available</guid>
                    <image>http://demonewspaper.bdtask.com/DemoNewsPaper-v1.5/uploads/1487491653.jpeg</image>
                    <thumb>http://demonewspaper.bdtask.com/DemoNewsPaper-v1.5/uploads/thumb/1487491653.jpeg</thumb>
                    
                </item>

                <item>
                    <news_id>86</news_id>
                    <category>Business</category>
                    <title>There are many variations of passages of Lorem Ipsum</title>
                    <link>http://demonewspaper.bdtask.com/DemoNewsPaper-v1.5/Business/details/86/There-are-many-variations-of-passages-of-Lorem-Ipsum</link>
                    <description>Contrary to popular belief, Lorem Ipsum is not simply random text. It has roots in a piece of classical Latin literature from 45 BC, making it over 2000 years old.</description>
                    <pubDate>2017-02-19</pubDate>       
                    <image>
                        <url>http://demonewspaper.bdtask.com/DemoNewsPaper-v1.5/uploads/1487491671.jpeg</url>
                        <title>There are many variations of passages of Lorem Ipsum</title>
                        <link>http://demonewspaper.bdtask.com/DemoNewsPaper-v1.5/Business/details/86/There-are-many-variations-of-passages-of-Lorem-Ipsum</link>
                    </image>
                    <guid isPermaLink='false'>http://demonewspaper.bdtask.com/DemoNewsPaper-v1.5/Business/details/86/There-are-many-variations-of-passages-of-Lorem-Ipsum</guid>
                    <image>http://demonewspaper.bdtask.com/DemoNewsPaper-v1.5/uploads/1487491671.jpeg</image>
                    <thumb>http://demonewspaper.bdtask.com/DemoNewsPaper-v1.5/uploads/thumb/1487491671.jpeg</thumb>
                    
                </item>

                <item>
                    <news_id>85</news_id>
                    <category>Business</category>
                    <title>There are many variations of passages of Lorem Ipsum</title>
                    <link>http://demonewspaper.bdtask.com/DemoNewsPaper-v1.5/Business/details/85/There-are-many-variations-of-passages-of-Lorem-Ipsum</link>
                    <description>Contrary to popular belief, Lorem Ipsum is not simply random text. It has roots in a piece of classical Latin literature from 45 BC, making it over 2000 years old.</description>
                    <pubDate>2017-02-19</pubDate>       
                    <image>
                        <url>http://demonewspaper.bdtask.com/DemoNewsPaper-v1.5/uploads/1487491689.jpeg</url>
                        <title>There are many variations of passages of Lorem Ipsum</title>
                        <link>http://demonewspaper.bdtask.com/DemoNewsPaper-v1.5/Business/details/85/There-are-many-variations-of-passages-of-Lorem-Ipsum</link>
                    </image>
                    <guid isPermaLink='false'>http://demonewspaper.bdtask.com/DemoNewsPaper-v1.5/Business/details/85/There-are-many-variations-of-passages-of-Lorem-Ipsum</guid>
                    <image>http://demonewspaper.bdtask.com/DemoNewsPaper-v1.5/uploads/1487491689.jpeg</image>
                    <thumb>http://demonewspaper.bdtask.com/DemoNewsPaper-v1.5/uploads/thumb/1487491689.jpeg</thumb>
                    
                </item>

                <item>
                    <news_id>84</news_id>
                    <category>Business</category>
                    <title>Contrary to popular belief, Lorem Ipsum is not simply random text</title>
                    <link>http://demonewspaper.bdtask.com/DemoNewsPaper-v1.5/Business/details/84/Contrary-to-popular-belief-Lorem-Ipsum-is-not-simply-random-text</link>
                    <description>Contrary to popular belief, Lorem Ipsum is not simply random text. It has roots in a piece of classical Latin literature from 45 BC, making it over 2000 years old.</description>
                    <pubDate>2017-02-19</pubDate>       
                    <image>
                        <url>http://demonewspaper.bdtask.com/DemoNewsPaper-v1.5/uploads/1487491705.jpeg</url>
                        <title>Contrary to popular belief, Lorem Ipsum is not simply random text</title>
                        <link>http://demonewspaper.bdtask.com/DemoNewsPaper-v1.5/Business/details/84/Contrary-to-popular-belief-Lorem-Ipsum-is-not-simply-random-text</link>
                    </image>
                    <guid isPermaLink='false'>http://demonewspaper.bdtask.com/DemoNewsPaper-v1.5/Business/details/84/Contrary-to-popular-belief-Lorem-Ipsum-is-not-simply-random-text</guid>
                    <image>http://demonewspaper.bdtask.com/DemoNewsPaper-v1.5/uploads/1487491705.jpeg</image>
                    <thumb>http://demonewspaper.bdtask.com/DemoNewsPaper-v1.5/uploads/thumb/1487491705.jpeg</thumb>
                    
                </item>

                <item>
                    <news_id>83</news_id>
                    <category>Business</category>
                    <title>There are many variations of passages of Lorem Ipsum</title>
                    <link>http://demonewspaper.bdtask.com/DemoNewsPaper-v1.5/Business/details/83/There-are-many-variations-of-passages-of-Lorem-Ipsum</link>
                    <description>Contrary to popular belief, Lorem Ipsum is not simply random text. It has roots in a piece of classical Latin literature from 45 BC, making it over 2000 years old.</description>
                    <pubDate>2017-02-19</pubDate>       
                    <image>
                        <url>http://demonewspaper.bdtask.com/DemoNewsPaper-v1.5/uploads/1487491717.jpg</url>
                        <title>There are many variations of passages of Lorem Ipsum</title>
                        <link>http://demonewspaper.bdtask.com/DemoNewsPaper-v1.5/Business/details/83/There-are-many-variations-of-passages-of-Lorem-Ipsum</link>
                    </image>
                    <guid isPermaLink='false'>http://demonewspaper.bdtask.com/DemoNewsPaper-v1.5/Business/details/83/There-are-many-variations-of-passages-of-Lorem-Ipsum</guid>
                    <image>http://demonewspaper.bdtask.com/DemoNewsPaper-v1.5/uploads/1487491717.jpg</image>
                    <thumb>http://demonewspaper.bdtask.com/DemoNewsPaper-v1.5/uploads/thumb/1487491717.jpg</thumb>
                    
                </item>

                <item>
                    <news_id></news_id>
                    <category></category>
                    <title></title>
                    <link>http://demonewspaper.bdtask.com/DemoNewsPaper-v1.5//details//</link>
                    <description></description>
                    <pubDate></pubDate>       
                    <image>
                        <url>http://demonewspaper.bdtask.com/DemoNewsPaper-v1.5/uploads/</url>
                        <title></title>
                        <link>http://demonewspaper.bdtask.com/DemoNewsPaper-v1.5//details//</link>
                    </image>
                    <guid isPermaLink='false'>http://demonewspaper.bdtask.com/DemoNewsPaper-v1.5//details//</guid>
                    <image>http://demonewspaper.bdtask.com/DemoNewsPaper-v1.5/uploads/</image>
                    <thumb>http://demonewspaper.bdtask.com/DemoNewsPaper-v1.5/uploads/thumb/</thumb>
                    
                </item>

                <item>
                    <news_id></news_id>
                    <category></category>
                    <title></title>
                    <link>http://demonewspaper.bdtask.com/DemoNewsPaper-v1.5//details//</link>
                    <description></description>
                    <pubDate></pubDate>       
                    <image>
                        <url>http://demonewspaper.bdtask.com/DemoNewsPaper-v1.5/uploads/</url>
                        <title></title>
                        <link>http://demonewspaper.bdtask.com/DemoNewsPaper-v1.5//details//</link>
                    </image>
                    <guid isPermaLink='false'>http://demonewspaper.bdtask.com/DemoNewsPaper-v1.5//details//</guid>
                    <image>http://demonewspaper.bdtask.com/DemoNewsPaper-v1.5/uploads/</image>
                    <thumb>http://demonewspaper.bdtask.com/DemoNewsPaper-v1.5/uploads/thumb/</thumb>
                    
                </item>

                <item>
                    <news_id></news_id>
                    <category></category>
                    <title></title>
                    <link>http://demonewspaper.bdtask.com/DemoNewsPaper-v1.5//details//</link>
                    <description></description>
                    <pubDate></pubDate>       
                    <image>
                        <url>http://demonewspaper.bdtask.com/DemoNewsPaper-v1.5/uploads/</url>
                        <title></title>
                        <link>http://demonewspaper.bdtask.com/DemoNewsPaper-v1.5//details//</link>
                    </image>
                    <guid isPermaLink='false'>http://demonewspaper.bdtask.com/DemoNewsPaper-v1.5//details//</guid>
                    <image>http://demonewspaper.bdtask.com/DemoNewsPaper-v1.5/uploads/</image>
                    <thumb>http://demonewspaper.bdtask.com/DemoNewsPaper-v1.5/uploads/thumb/</thumb>
                    
                </item>

                <item>
                    <news_id></news_id>
                    <category></category>
                    <title></title>
                    <link>http://demonewspaper.bdtask.com/DemoNewsPaper-v1.5//details//</link>
                    <description></description>
                    <pubDate></pubDate>       
                    <image>
                        <url>http://demonewspaper.bdtask.com/DemoNewsPaper-v1.5/uploads/</url>
                        <title></title>
                        <link>http://demonewspaper.bdtask.com/DemoNewsPaper-v1.5//details//</link>
                    </image>
                    <guid isPermaLink='false'>http://demonewspaper.bdtask.com/DemoNewsPaper-v1.5//details//</guid>
                    <image>http://demonewspaper.bdtask.com/DemoNewsPaper-v1.5/uploads/</image>
                    <thumb>http://demonewspaper.bdtask.com/DemoNewsPaper-v1.5/uploads/thumb/</thumb>
                    
                </item>
</channel>
</rss>