<?xml version="1.0" encoding="utf-8"?>
<rss  xmlns:media="http://search.yahoo.com/mrss/" xmlns:atom="http://www.w3.org/2005/Atom" version="2.0">
<channel>
<title>Demo Newspaper RSS Feed RSS</title>
<link>http://localhost/MainNewsPaper-v2.0/</link>
<description></description>
<image>
                    <title>Demo NewspaperRSS Feed</title>
                    <url>http://localhost/MainNewsPaper-v2.0/uploads/images/logo.png</url>
                    <link>http://localhost/MainNewsPaper-v2.0/</link>
              </image>
                <item>
                    <news_id>112</news_id>
                    <category>Lifestyle</category>
                    <title>Business Page  praesentium voluptatum deleniti atque corrupti</title>
                    <link>http://localhost/MainNewsPaper-v2.0/Lifestyle/details/112/Business-Page-praesentium-voluptatum-deleniti-atque-corrupti</link>
                    <description>Lorem ipsum dolor sit amet, consectetur adipiscing elit. Sed dictum, neque ac vestibulum tincidunt, purus libero tristique tortor, euismod fermentum massa mi non nisi. Proin gravida dui non scelerisque dictum.</description>
                    <pubDate>13-08-2017</pubDate>       
                    <image>
                        <url>http://localhost/MainNewsPaper-v2.0/uploads/1502611107.jpeg</url>
                        <title>Business Page  praesentium voluptatum deleniti atque corrupti</title>
                        <link>http://localhost/MainNewsPaper-v2.0/Lifestyle/details/112/Business-Page-praesentium-voluptatum-deleniti-atque-corrupti</link>
                    </image>
                    <guid isPermaLink='false'>http://localhost/MainNewsPaper-v2.0/Lifestyle/details/112/Business-Page-praesentium-voluptatum-deleniti-atque-corrupti</guid>
                    <image>http://localhost/MainNewsPaper-v2.0/uploads/1502611107.jpeg</image>
                    <thumb>http://localhost/MainNewsPaper-v2.0/uploads/thumb/1502611107.jpeg</thumb>
                    
                </item>

                <item>
                    <news_id>111</news_id>
                    <category>Lifestyle</category>
                    <title>There are many variations of passages of Lorem Ipsum available</title>
                    <link>http://localhost/MainNewsPaper-v2.0/Lifestyle/details/111/There-are-many-variations-of-passages-of-Lorem-Ipsum-available</link>
                    <description>Lorem ipsum dolor sit amet, consectetur adipiscing elit. Sed dictum, neque ac vestibulum tincidunt, purus libero tristique tortor, euismod fermentum massa mi non nisi. Proin gravida dui non scelerisque dictum.</description>
                    <pubDate>13-08-2017</pubDate>       
                    <image>
                        <url>http://localhost/MainNewsPaper-v2.0/uploads/1502610976.jpg</url>
                        <title>There are many variations of passages of Lorem Ipsum available</title>
                        <link>http://localhost/MainNewsPaper-v2.0/Lifestyle/details/111/There-are-many-variations-of-passages-of-Lorem-Ipsum-available</link>
                    </image>
                    <guid isPermaLink='false'>http://localhost/MainNewsPaper-v2.0/Lifestyle/details/111/There-are-many-variations-of-passages-of-Lorem-Ipsum-available</guid>
                    <image>http://localhost/MainNewsPaper-v2.0/uploads/1502610976.jpg</image>
                    <thumb>http://localhost/MainNewsPaper-v2.0/uploads/thumb/1502610976.jpg</thumb>
                    
                </item>

                <item>
                    <news_id>110</news_id>
                    <category>Lifestyle</category>
                    <title>Lorem ipsum dolor sit amet, consectetur adipiscing elit</title>
                    <link>http://localhost/MainNewsPaper-v2.0/Lifestyle/details/110/Lorem-ipsum-dolor-sit-amet-consectetur-adipiscing-elit</link>
                    <description>Lorem ipsum dolor sit amet, consectetur adipiscing elit. Aliquam sed nisl in felis ultrices tempus. Suspendisse non tellus felis. In ultrices non nulla vel scelerisque. Nunc quis diam quis orci</description>
                    <pubDate>13-08-2017</pubDate>       
                    <image>
                        <url>http://localhost/MainNewsPaper-v2.0/uploads/1502605956.jpeg</url>
                        <title>Lorem ipsum dolor sit amet, consectetur adipiscing elit</title>
                        <link>http://localhost/MainNewsPaper-v2.0/Lifestyle/details/110/Lorem-ipsum-dolor-sit-amet-consectetur-adipiscing-elit</link>
                    </image>
                    <guid isPermaLink='false'>http://localhost/MainNewsPaper-v2.0/Lifestyle/details/110/Lorem-ipsum-dolor-sit-amet-consectetur-adipiscing-elit</guid>
                    <image>http://localhost/MainNewsPaper-v2.0/uploads/1502605956.jpeg</image>
                    <thumb>http://localhost/MainNewsPaper-v2.0/uploads/thumb/1502605956.jpeg</thumb>
                    
                </item>

                <item>
                    <news_id>56</news_id>
                    <category>Lifestyle</category>
                    <title>There are many variations of passages of Lorem Ipsum</title>
                    <link>http://localhost/MainNewsPaper-v2.0/Lifestyle/details/56/There-are-many-variations-of-passages-of-Lorem-Ipsum</link>
                    <description>Contrary to popular belief, Lorem Ipsum is not simply random text. It has roots in a piece of classical Latin literature from 45 BC, making it over 2000 years old.</description>
                    <pubDate>2017-02-18</pubDate>       
                    <image>
                        <url>http://localhost/MainNewsPaper-v2.0/uploads/1488257246.png</url>
                        <title>There are many variations of passages of Lorem Ipsum</title>
                        <link>http://localhost/MainNewsPaper-v2.0/Lifestyle/details/56/There-are-many-variations-of-passages-of-Lorem-Ipsum</link>
                    </image>
                    <guid isPermaLink='false'>http://localhost/MainNewsPaper-v2.0/Lifestyle/details/56/There-are-many-variations-of-passages-of-Lorem-Ipsum</guid>
                    <image>http://localhost/MainNewsPaper-v2.0/uploads/1488257246.png</image>
                    <thumb>http://localhost/MainNewsPaper-v2.0/uploads/thumb/1488257246.png</thumb>
                    
                </item>

                <item>
                    <news_id>55</news_id>
                    <category>Lifestyle</category>
                    <title>There are many variations of passages of Lorem Ipsum</title>
                    <link>http://localhost/MainNewsPaper-v2.0/Lifestyle/details/55/There-are-many-variations-of-passages-of-Lorem-Ipsum</link>
                    <description>Contrary to popular belief, Lorem Ipsum is not simply random text. It has roots in a piece of classical Latin literature from 45 BC, making it over 2000 years old.</description>
                    <pubDate>2017-02-18</pubDate>       
                    <image>
                        <url>http://localhost/MainNewsPaper-v2.0/uploads/1488257246.png</url>
                        <title>There are many variations of passages of Lorem Ipsum</title>
                        <link>http://localhost/MainNewsPaper-v2.0/Lifestyle/details/55/There-are-many-variations-of-passages-of-Lorem-Ipsum</link>
                    </image>
                    <guid isPermaLink='false'>http://localhost/MainNewsPaper-v2.0/Lifestyle/details/55/There-are-many-variations-of-passages-of-Lorem-Ipsum</guid>
                    <image>http://localhost/MainNewsPaper-v2.0/uploads/1488257246.png</image>
                    <thumb>http://localhost/MainNewsPaper-v2.0/uploads/thumb/1488257246.png</thumb>
                    
                </item>

                <item>
                    <news_id>54</news_id>
                    <category>Lifestyle</category>
                    <title>Contrary to popular belief, Lorem Ipsum is not simply random text</title>
                    <link>http://localhost/MainNewsPaper-v2.0/Lifestyle/details/54/Contrary-to-popular-belief-Lorem-Ipsum-is-not-simply-random-text</link>
                    <description>Contrary to popular belief, Lorem Ipsum is not simply random text. It has roots in a piece of classical Latin literature from 45 BC, making it over 2000 years old.</description>
                    <pubDate>2017-02-18</pubDate>       
                    <image>
                        <url>http://localhost/MainNewsPaper-v2.0/uploads/1488257246.png</url>
                        <title>Contrary to popular belief, Lorem Ipsum is not simply random text</title>
                        <link>http://localhost/MainNewsPaper-v2.0/Lifestyle/details/54/Contrary-to-popular-belief-Lorem-Ipsum-is-not-simply-random-text</link>
                    </image>
                    <guid isPermaLink='false'>http://localhost/MainNewsPaper-v2.0/Lifestyle/details/54/Contrary-to-popular-belief-Lorem-Ipsum-is-not-simply-random-text</guid>
                    <image>http://localhost/MainNewsPaper-v2.0/uploads/1488257246.png</image>
                    <thumb>http://localhost/MainNewsPaper-v2.0/uploads/thumb/1488257246.png</thumb>
                    
                </item>

                <item>
                    <news_id>53</news_id>
                    <category>Lifestyle</category>
                    <title>There are many variations of passages of Lorem Ipsum available</title>
                    <link>http://localhost/MainNewsPaper-v2.0/Lifestyle/details/53/There-are-many-variations-of-passages-of-Lorem-Ipsum-available</link>
                    <description>Contrary to popular belief, Lorem Ipsum is not simply random text. It has roots in a piece of classical Latin literature from 45 BC, making it over 2000 years old.</description>
                    <pubDate>2017-02-18</pubDate>       
                    <image>
                        <url>http://localhost/MainNewsPaper-v2.0/uploads/1488257246.png</url>
                        <title>There are many variations of passages of Lorem Ipsum available</title>
                        <link>http://localhost/MainNewsPaper-v2.0/Lifestyle/details/53/There-are-many-variations-of-passages-of-Lorem-Ipsum-available</link>
                    </image>
                    <guid isPermaLink='false'>http://localhost/MainNewsPaper-v2.0/Lifestyle/details/53/There-are-many-variations-of-passages-of-Lorem-Ipsum-available</guid>
                    <image>http://localhost/MainNewsPaper-v2.0/uploads/1488257246.png</image>
                    <thumb>http://localhost/MainNewsPaper-v2.0/uploads/thumb/1488257246.png</thumb>
                    
                </item>

                <item>
                    <news_id>52</news_id>
                    <category>Lifestyle</category>
                    <title>Contrary to popular belief, Lorem Ipsum is not simply random text</title>
                    <link>http://localhost/MainNewsPaper-v2.0/Lifestyle/details/52/Contrary-to-popular-belief-Lorem-Ipsum-is-not-simply-random-text</link>
                    <description>Contrary to popular belief, Lorem Ipsum is not simply random text. It has roots in a piece of classical Latin literature from 45 BC, making it over 2000 years old.</description>
                    <pubDate>2017-02-18</pubDate>       
                    <image>
                        <url>http://localhost/MainNewsPaper-v2.0/uploads/1488257246.png</url>
                        <title>Contrary to popular belief, Lorem Ipsum is not simply random text</title>
                        <link>http://localhost/MainNewsPaper-v2.0/Lifestyle/details/52/Contrary-to-popular-belief-Lorem-Ipsum-is-not-simply-random-text</link>
                    </image>
                    <guid isPermaLink='false'>http://localhost/MainNewsPaper-v2.0/Lifestyle/details/52/Contrary-to-popular-belief-Lorem-Ipsum-is-not-simply-random-text</guid>
                    <image>http://localhost/MainNewsPaper-v2.0/uploads/1488257246.png</image>
                    <thumb>http://localhost/MainNewsPaper-v2.0/uploads/thumb/1488257246.png</thumb>
                    
                </item>

                <item>
                    <news_id>51</news_id>
                    <category>Lifestyle</category>
                    <title>Lorem ipsum dolor sit amet, consectetur adipiscing eli</title>
                    <link>http://localhost/MainNewsPaper-v2.0/Lifestyle/details/51/Lorem-ipsum-dolor-sit-amet-consectetur-adipiscing-eli</link>
                    <description>Contrary to popular belief, Lorem Ipsum is not simply random text. It has roots in a piece of classical Latin literature from 45 BC, making it over 2000 years old.</description>
                    <pubDate>2017-02-18</pubDate>       
                    <image>
                        <url>http://localhost/MainNewsPaper-v2.0/uploads/1488257246.png</url>
                        <title>Lorem ipsum dolor sit amet, consectetur adipiscing eli</title>
                        <link>http://localhost/MainNewsPaper-v2.0/Lifestyle/details/51/Lorem-ipsum-dolor-sit-amet-consectetur-adipiscing-eli</link>
                    </image>
                    <guid isPermaLink='false'>http://localhost/MainNewsPaper-v2.0/Lifestyle/details/51/Lorem-ipsum-dolor-sit-amet-consectetur-adipiscing-eli</guid>
                    <image>http://localhost/MainNewsPaper-v2.0/uploads/1488257246.png</image>
                    <thumb>http://localhost/MainNewsPaper-v2.0/uploads/thumb/1488257246.png</thumb>
                    
                </item>

                <item>
                    <news_id>50</news_id>
                    <category>Lifestyle</category>
                    <title>Contrary to popular belief, Lorem Ipsum is not simply random text</title>
                    <link>http://localhost/MainNewsPaper-v2.0/Lifestyle/details/50/Contrary-to-popular-belief-Lorem-Ipsum-is-not-simply-random-text</link>
                    <description>Contrary to popular belief, Lorem Ipsum is not simply random text. It has roots in a piece of classical Latin literature from 45 BC, making it over 2000 years old.</description>
                    <pubDate>2017-02-18</pubDate>       
                    <image>
                        <url>http://localhost/MainNewsPaper-v2.0/uploads/1488257246.png</url>
                        <title>Contrary to popular belief, Lorem Ipsum is not simply random text</title>
                        <link>http://localhost/MainNewsPaper-v2.0/Lifestyle/details/50/Contrary-to-popular-belief-Lorem-Ipsum-is-not-simply-random-text</link>
                    </image>
                    <guid isPermaLink='false'>http://localhost/MainNewsPaper-v2.0/Lifestyle/details/50/Contrary-to-popular-belief-Lorem-Ipsum-is-not-simply-random-text</guid>
                    <image>http://localhost/MainNewsPaper-v2.0/uploads/1488257246.png</image>
                    <thumb>http://localhost/MainNewsPaper-v2.0/uploads/thumb/1488257246.png</thumb>
                    
                </item>

                <item>
                    <news_id></news_id>
                    <category></category>
                    <title></title>
                    <link>http://localhost/MainNewsPaper-v2.0//details//</link>
                    <description></description>
                    <pubDate></pubDate>       
                    <image>
                        <url>http://localhost/MainNewsPaper-v2.0/uploads/</url>
                        <title></title>
                        <link>http://localhost/MainNewsPaper-v2.0//details//</link>
                    </image>
                    <guid isPermaLink='false'>http://localhost/MainNewsPaper-v2.0//details//</guid>
                    <image>http://localhost/MainNewsPaper-v2.0/uploads/</image>
                    <thumb>http://localhost/MainNewsPaper-v2.0/uploads/thumb/</thumb>
                    
                </item>

                <item>
                    <news_id></news_id>
                    <category></category>
                    <title></title>
                    <link>http://localhost/MainNewsPaper-v2.0//details//</link>
                    <description></description>
                    <pubDate></pubDate>       
                    <image>
                        <url>http://localhost/MainNewsPaper-v2.0/uploads/</url>
                        <title></title>
                        <link>http://localhost/MainNewsPaper-v2.0//details//</link>
                    </image>
                    <guid isPermaLink='false'>http://localhost/MainNewsPaper-v2.0//details//</guid>
                    <image>http://localhost/MainNewsPaper-v2.0/uploads/</image>
                    <thumb>http://localhost/MainNewsPaper-v2.0/uploads/thumb/</thumb>
                    
                </item>

                <item>
                    <news_id></news_id>
                    <category></category>
                    <title></title>
                    <link>http://localhost/MainNewsPaper-v2.0//details//</link>
                    <description></description>
                    <pubDate></pubDate>       
                    <image>
                        <url>http://localhost/MainNewsPaper-v2.0/uploads/</url>
                        <title></title>
                        <link>http://localhost/MainNewsPaper-v2.0//details//</link>
                    </image>
                    <guid isPermaLink='false'>http://localhost/MainNewsPaper-v2.0//details//</guid>
                    <image>http://localhost/MainNewsPaper-v2.0/uploads/</image>
                    <thumb>http://localhost/MainNewsPaper-v2.0/uploads/thumb/</thumb>
                    
                </item>

                <item>
                    <news_id></news_id>
                    <category></category>
                    <title></title>
                    <link>http://localhost/MainNewsPaper-v2.0//details//</link>
                    <description></description>
                    <pubDate></pubDate>       
                    <image>
                        <url>http://localhost/MainNewsPaper-v2.0/uploads/</url>
                        <title></title>
                        <link>http://localhost/MainNewsPaper-v2.0//details//</link>
                    </image>
                    <guid isPermaLink='false'>http://localhost/MainNewsPaper-v2.0//details//</guid>
                    <image>http://localhost/MainNewsPaper-v2.0/uploads/</image>
                    <thumb>http://localhost/MainNewsPaper-v2.0/uploads/thumb/</thumb>
                    
                </item>
</channel>
</rss>