<?xml version="1.0" encoding="utf-8"?>
<rss  xmlns:media="http://search.yahoo.com/mrss/" xmlns:atom="http://www.w3.org/2005/Atom" version="2.0">
<channel>
<title>Demo Newspaper RSS Feed RSS</title>
<link>http://localhost/NewsPaper365-vs5/</link>
<description></description>
<image>
                    <title>RSS Feed</title>
                    <url>http://localhost/NewsPaper365-vs5/uploads/images/logo.png</url>
                    <link>http://localhost/NewsPaper365-vs5/</link>
              </image>
                <item>
                    <news_id>76</news_id>
                    <category>weekly-news</category>
                    <title>Contrary to popular belief, Lorem Ipsum is not simply random text</title>
                    <link>http://localhost/NewsPaper365-vs5/weekly-news/details/76/Contrary-to-popular-belief-Lorem-Ipsum-is-not-simply-random-text</link>
                    <description>Contrary to popular belief, Lorem Ipsum is not simply random text. It has roots in a piece of classical Latin literature from 45 BC, making it over 2000 years old.</description>
                    <pubDate>18-02-2017</pubDate>       
                    <image>
                        <url>http://localhost/NewsPaper365-vs5/uploads/1487425366.jpeg</url>
                        <title>Contrary to popular belief, Lorem Ipsum is not simply random text</title>
                        <link>http://localhost/NewsPaper365-vs5/weekly-news/details/76/Contrary-to-popular-belief-Lorem-Ipsum-is-not-simply-random-text</link>
                    </image>
                    <guid isPermaLink='false'>http://localhost/NewsPaper365-vs5/weekly-news/details/76/Contrary-to-popular-belief-Lorem-Ipsum-is-not-simply-random-text</guid>
                    <image>http://localhost/NewsPaper365-vs5/uploads/1487425366.jpeg</image>
                    <thumb>http://localhost/NewsPaper365-vs5/uploads/thumb/1487425366.jpeg</thumb>
                    
                </item>

                <item>
                    <news_id>75</news_id>
                    <category>weekly-news</category>
                    <title>There are many variations of passages of Lorem Ipsum</title>
                    <link>http://localhost/NewsPaper365-vs5/weekly-news/details/75/There-are-many-variations-of-passages-of-Lorem-Ipsum</link>
                    <description>Contrary to popular belief, Lorem Ipsum is not simply random text. It has roots in a piece of classical Latin literature from 45 BC, making it over 2000 years old.</description>
                    <pubDate>18-02-2017</pubDate>       
                    <image>
                        <url>http://localhost/NewsPaper365-vs5/uploads/1487425339.jpg</url>
                        <title>There are many variations of passages of Lorem Ipsum</title>
                        <link>http://localhost/NewsPaper365-vs5/weekly-news/details/75/There-are-many-variations-of-passages-of-Lorem-Ipsum</link>
                    </image>
                    <guid isPermaLink='false'>http://localhost/NewsPaper365-vs5/weekly-news/details/75/There-are-many-variations-of-passages-of-Lorem-Ipsum</guid>
                    <image>http://localhost/NewsPaper365-vs5/uploads/1487425339.jpg</image>
                    <thumb>http://localhost/NewsPaper365-vs5/uploads/thumb/1487425339.jpg</thumb>
                    
                </item>

                <item>
                    <news_id>74</news_id>
                    <category>weekly-news</category>
                    <title>Contrary to popular belief, Lorem Ipsum is not simply random text</title>
                    <link>http://localhost/NewsPaper365-vs5/weekly-news/details/74/Contrary-to-popular-belief-Lorem-Ipsum-is-not-simply-random-text</link>
                    <description>Contrary to popular belief, Lorem Ipsum is not simply random text. It has roots in a piece of classical Latin literature from 45 BC, making it over 2000 years old.</description>
                    <pubDate>18-02-2017</pubDate>       
                    <image>
                        <url>http://localhost/NewsPaper365-vs5/uploads/1487425320.jpeg</url>
                        <title>Contrary to popular belief, Lorem Ipsum is not simply random text</title>
                        <link>http://localhost/NewsPaper365-vs5/weekly-news/details/74/Contrary-to-popular-belief-Lorem-Ipsum-is-not-simply-random-text</link>
                    </image>
                    <guid isPermaLink='false'>http://localhost/NewsPaper365-vs5/weekly-news/details/74/Contrary-to-popular-belief-Lorem-Ipsum-is-not-simply-random-text</guid>
                    <image>http://localhost/NewsPaper365-vs5/uploads/1487425320.jpeg</image>
                    <thumb>http://localhost/NewsPaper365-vs5/uploads/thumb/1487425320.jpeg</thumb>
                    
                </item>

                <item>
                    <news_id>73</news_id>
                    <category>weekly-news</category>
                    <title>There are many variations of passages of Lorem Ipsum</title>
                    <link>http://localhost/NewsPaper365-vs5/weekly-news/details/73/There-are-many-variations-of-passages-of-Lorem-Ipsum</link>
                    <description>Contrary to popular belief, Lorem Ipsum is not simply random text. It has roots in a piece of classical Latin literature from 45 BC, making it over 2000 years old.</description>
                    <pubDate>18-02-2017</pubDate>       
                    <image>
                        <url>http://localhost/NewsPaper365-vs5/uploads/1487425292.jpg</url>
                        <title>There are many variations of passages of Lorem Ipsum</title>
                        <link>http://localhost/NewsPaper365-vs5/weekly-news/details/73/There-are-many-variations-of-passages-of-Lorem-Ipsum</link>
                    </image>
                    <guid isPermaLink='false'>http://localhost/NewsPaper365-vs5/weekly-news/details/73/There-are-many-variations-of-passages-of-Lorem-Ipsum</guid>
                    <image>http://localhost/NewsPaper365-vs5/uploads/1487425292.jpg</image>
                    <thumb>http://localhost/NewsPaper365-vs5/uploads/thumb/1487425292.jpg</thumb>
                    
                </item>

                <item>
                    <news_id>72</news_id>
                    <category>weekly-news</category>
                    <title>There are many variations of passages of Lorem Ipsum available</title>
                    <link>http://localhost/NewsPaper365-vs5/weekly-news/details/72/There-are-many-variations-of-passages-of-Lorem-Ipsum-available</link>
                    <description>Contrary to popular belief, Lorem Ipsum is not simply random text. It has roots in a piece of classical Latin literature from 45 BC, making it over 2000 years old.</description>
                    <pubDate>18-02-2017</pubDate>       
                    <image>
                        <url>http://localhost/NewsPaper365-vs5/uploads/1487425253.jpg</url>
                        <title>There are many variations of passages of Lorem Ipsum available</title>
                        <link>http://localhost/NewsPaper365-vs5/weekly-news/details/72/There-are-many-variations-of-passages-of-Lorem-Ipsum-available</link>
                    </image>
                    <guid isPermaLink='false'>http://localhost/NewsPaper365-vs5/weekly-news/details/72/There-are-many-variations-of-passages-of-Lorem-Ipsum-available</guid>
                    <image>http://localhost/NewsPaper365-vs5/uploads/1487425253.jpg</image>
                    <thumb>http://localhost/NewsPaper365-vs5/uploads/thumb/1487425253.jpg</thumb>
                    
                </item>

                <item>
                    <news_id>71</news_id>
                    <category>weekly-news</category>
                    <title>Contrary to popular belief, Lorem Ipsum is not simply random text</title>
                    <link>http://localhost/NewsPaper365-vs5/weekly-news/details/71/Contrary-to-popular-belief-Lorem-Ipsum-is-not-simply-random-text</link>
                    <description>Contrary to popular belief, Lorem Ipsum is not simply random text. It has roots in a piece of classical Latin literature from 45 BC, making it over 2000 years old.</description>
                    <pubDate>18-02-2017</pubDate>       
                    <image>
                        <url>http://localhost/NewsPaper365-vs5/uploads/1487425223.jpg</url>
                        <title>Contrary to popular belief, Lorem Ipsum is not simply random text</title>
                        <link>http://localhost/NewsPaper365-vs5/weekly-news/details/71/Contrary-to-popular-belief-Lorem-Ipsum-is-not-simply-random-text</link>
                    </image>
                    <guid isPermaLink='false'>http://localhost/NewsPaper365-vs5/weekly-news/details/71/Contrary-to-popular-belief-Lorem-Ipsum-is-not-simply-random-text</guid>
                    <image>http://localhost/NewsPaper365-vs5/uploads/1487425223.jpg</image>
                    <thumb>http://localhost/NewsPaper365-vs5/uploads/thumb/1487425223.jpg</thumb>
                    
                </item>

                <item>
                    <news_id></news_id>
                    <category></category>
                    <title></title>
                    <link>http://localhost/NewsPaper365-vs5//details//</link>
                    <description></description>
                    <pubDate></pubDate>       
                    <image>
                        <url>http://localhost/NewsPaper365-vs5/uploads/</url>
                        <title></title>
                        <link>http://localhost/NewsPaper365-vs5//details//</link>
                    </image>
                    <guid isPermaLink='false'>http://localhost/NewsPaper365-vs5//details//</guid>
                    <image>http://localhost/NewsPaper365-vs5/uploads/</image>
                    <thumb>http://localhost/NewsPaper365-vs5/uploads/thumb/</thumb>
                    
                </item>

                <item>
                    <news_id></news_id>
                    <category></category>
                    <title></title>
                    <link>http://localhost/NewsPaper365-vs5//details//</link>
                    <description></description>
                    <pubDate></pubDate>       
                    <image>
                        <url>http://localhost/NewsPaper365-vs5/uploads/</url>
                        <title></title>
                        <link>http://localhost/NewsPaper365-vs5//details//</link>
                    </image>
                    <guid isPermaLink='false'>http://localhost/NewsPaper365-vs5//details//</guid>
                    <image>http://localhost/NewsPaper365-vs5/uploads/</image>
                    <thumb>http://localhost/NewsPaper365-vs5/uploads/thumb/</thumb>
                    
                </item>

                <item>
                    <news_id></news_id>
                    <category></category>
                    <title></title>
                    <link>http://localhost/NewsPaper365-vs5//details//</link>
                    <description></description>
                    <pubDate></pubDate>       
                    <image>
                        <url>http://localhost/NewsPaper365-vs5/uploads/</url>
                        <title></title>
                        <link>http://localhost/NewsPaper365-vs5//details//</link>
                    </image>
                    <guid isPermaLink='false'>http://localhost/NewsPaper365-vs5//details//</guid>
                    <image>http://localhost/NewsPaper365-vs5/uploads/</image>
                    <thumb>http://localhost/NewsPaper365-vs5/uploads/thumb/</thumb>
                    
                </item>

                <item>
                    <news_id></news_id>
                    <category></category>
                    <title></title>
                    <link>http://localhost/NewsPaper365-vs5//details//</link>
                    <description></description>
                    <pubDate></pubDate>       
                    <image>
                        <url>http://localhost/NewsPaper365-vs5/uploads/</url>
                        <title></title>
                        <link>http://localhost/NewsPaper365-vs5//details//</link>
                    </image>
                    <guid isPermaLink='false'>http://localhost/NewsPaper365-vs5//details//</guid>
                    <image>http://localhost/NewsPaper365-vs5/uploads/</image>
                    <thumb>http://localhost/NewsPaper365-vs5/uploads/thumb/</thumb>
                    
                </item>

                <item>
                    <news_id></news_id>
                    <category></category>
                    <title></title>
                    <link>http://localhost/NewsPaper365-vs5//details//</link>
                    <description></description>
                    <pubDate></pubDate>       
                    <image>
                        <url>http://localhost/NewsPaper365-vs5/uploads/</url>
                        <title></title>
                        <link>http://localhost/NewsPaper365-vs5//details//</link>
                    </image>
                    <guid isPermaLink='false'>http://localhost/NewsPaper365-vs5//details//</guid>
                    <image>http://localhost/NewsPaper365-vs5/uploads/</image>
                    <thumb>http://localhost/NewsPaper365-vs5/uploads/thumb/</thumb>
                    
                </item>

                <item>
                    <news_id></news_id>
                    <category></category>
                    <title></title>
                    <link>http://localhost/NewsPaper365-vs5//details//</link>
                    <description></description>
                    <pubDate></pubDate>       
                    <image>
                        <url>http://localhost/NewsPaper365-vs5/uploads/</url>
                        <title></title>
                        <link>http://localhost/NewsPaper365-vs5//details//</link>
                    </image>
                    <guid isPermaLink='false'>http://localhost/NewsPaper365-vs5//details//</guid>
                    <image>http://localhost/NewsPaper365-vs5/uploads/</image>
                    <thumb>http://localhost/NewsPaper365-vs5/uploads/thumb/</thumb>
                    
                </item>

                <item>
                    <news_id></news_id>
                    <category></category>
                    <title></title>
                    <link>http://localhost/NewsPaper365-vs5//details//</link>
                    <description></description>
                    <pubDate></pubDate>       
                    <image>
                        <url>http://localhost/NewsPaper365-vs5/uploads/</url>
                        <title></title>
                        <link>http://localhost/NewsPaper365-vs5//details//</link>
                    </image>
                    <guid isPermaLink='false'>http://localhost/NewsPaper365-vs5//details//</guid>
                    <image>http://localhost/NewsPaper365-vs5/uploads/</image>
                    <thumb>http://localhost/NewsPaper365-vs5/uploads/thumb/</thumb>
                    
                </item>

                <item>
                    <news_id></news_id>
                    <category></category>
                    <title></title>
                    <link>http://localhost/NewsPaper365-vs5//details//</link>
                    <description></description>
                    <pubDate></pubDate>       
                    <image>
                        <url>http://localhost/NewsPaper365-vs5/uploads/</url>
                        <title></title>
                        <link>http://localhost/NewsPaper365-vs5//details//</link>
                    </image>
                    <guid isPermaLink='false'>http://localhost/NewsPaper365-vs5//details//</guid>
                    <image>http://localhost/NewsPaper365-vs5/uploads/</image>
                    <thumb>http://localhost/NewsPaper365-vs5/uploads/thumb/</thumb>
                    
                </item>
</channel>
</rss>