<?xml version="1.0" encoding="utf-8"?>
<rss  xmlns:media="http://search.yahoo.com/mrss/" xmlns:atom="http://www.w3.org/2005/Atom" version="2.0">
<channel>
<title>Demo Newspaper RSS Feed RSS</title>
<link>http://news365v3.bdtask.com/main_v4/</link>
<description></description>
<image>
                    <title>Demo NewspaperRSS Feed</title>
                    <url>http://news365v3.bdtask.com/main_v4/uploads/images/logo.png</url>
                    <link>http://news365v3.bdtask.com/main_v4/</link>
              </image>
                <item>
                    <news_id>141</news_id>
                    <category>world</category>
                    <title>fffff</title>
                    <link>http://news365v3.bdtask.com/main_v4/world/details/141/fffff</link>
                    <description>fsdfgsfgdg
</description>
                    <pubDate>20-02-2018</pubDate>       
                    <image>
                        <url>http://news365v3.bdtask.com/main_v4/uploads/1518860490.jpg</url>
                        <title>fffff</title>
                        <link>http://news365v3.bdtask.com/main_v4/world/details/141/fffff</link>
                    </image>
                    <guid isPermaLink='false'>http://news365v3.bdtask.com/main_v4/world/details/141/fffff</guid>
                    <image>http://news365v3.bdtask.com/main_v4/uploads/1518860490.jpg</image>
                    <thumb>http://news365v3.bdtask.com/main_v4/uploads/thumb/1518860490.jpg</thumb>
                    
                </item>

                <item>
                    <news_id></news_id>
                    <category></category>
                    <title></title>
                    <link>http://news365v3.bdtask.com/main_v4//details//</link>
                    <description></description>
                    <pubDate></pubDate>       
                    <image>
                        <url>http://news365v3.bdtask.com/main_v4/uploads/</url>
                        <title></title>
                        <link>http://news365v3.bdtask.com/main_v4//details//</link>
                    </image>
                    <guid isPermaLink='false'>http://news365v3.bdtask.com/main_v4//details//</guid>
                    <image>http://news365v3.bdtask.com/main_v4/uploads/</image>
                    <thumb>http://news365v3.bdtask.com/main_v4/uploads/thumb/</thumb>
                    
                </item>

                <item>
                    <news_id></news_id>
                    <category></category>
                    <title></title>
                    <link>http://news365v3.bdtask.com/main_v4//details//</link>
                    <description></description>
                    <pubDate></pubDate>       
                    <image>
                        <url>http://news365v3.bdtask.com/main_v4/uploads/</url>
                        <title></title>
                        <link>http://news365v3.bdtask.com/main_v4//details//</link>
                    </image>
                    <guid isPermaLink='false'>http://news365v3.bdtask.com/main_v4//details//</guid>
                    <image>http://news365v3.bdtask.com/main_v4/uploads/</image>
                    <thumb>http://news365v3.bdtask.com/main_v4/uploads/thumb/</thumb>
                    
                </item>

                <item>
                    <news_id></news_id>
                    <category></category>
                    <title></title>
                    <link>http://news365v3.bdtask.com/main_v4//details//</link>
                    <description></description>
                    <pubDate></pubDate>       
                    <image>
                        <url>http://news365v3.bdtask.com/main_v4/uploads/</url>
                        <title></title>
                        <link>http://news365v3.bdtask.com/main_v4//details//</link>
                    </image>
                    <guid isPermaLink='false'>http://news365v3.bdtask.com/main_v4//details//</guid>
                    <image>http://news365v3.bdtask.com/main_v4/uploads/</image>
                    <thumb>http://news365v3.bdtask.com/main_v4/uploads/thumb/</thumb>
                    
                </item>

                <item>
                    <news_id></news_id>
                    <category></category>
                    <title></title>
                    <link>http://news365v3.bdtask.com/main_v4//details//</link>
                    <description></description>
                    <pubDate></pubDate>       
                    <image>
                        <url>http://news365v3.bdtask.com/main_v4/uploads/</url>
                        <title></title>
                        <link>http://news365v3.bdtask.com/main_v4//details//</link>
                    </image>
                    <guid isPermaLink='false'>http://news365v3.bdtask.com/main_v4//details//</guid>
                    <image>http://news365v3.bdtask.com/main_v4/uploads/</image>
                    <thumb>http://news365v3.bdtask.com/main_v4/uploads/thumb/</thumb>
                    
                </item>

                <item>
                    <news_id></news_id>
                    <category></category>
                    <title></title>
                    <link>http://news365v3.bdtask.com/main_v4//details//</link>
                    <description></description>
                    <pubDate></pubDate>       
                    <image>
                        <url>http://news365v3.bdtask.com/main_v4/uploads/</url>
                        <title></title>
                        <link>http://news365v3.bdtask.com/main_v4//details//</link>
                    </image>
                    <guid isPermaLink='false'>http://news365v3.bdtask.com/main_v4//details//</guid>
                    <image>http://news365v3.bdtask.com/main_v4/uploads/</image>
                    <thumb>http://news365v3.bdtask.com/main_v4/uploads/thumb/</thumb>
                    
                </item>

                <item>
                    <news_id>132</news_id>
                    <category>world</category>
                    <title>Lorem Ipsum is simply dummy text of the printing</title>
                    <link>http://news365v3.bdtask.com/main_v4/world/details/132/Lorem-Ipsum-is-simply-dummy-text-of-the-printing</link>
                    <description>Lorem Ipsum is simply dummy text of the printing and typesetting industry. Lorem Ipsum has been the industry&amp;#39;s standard dummy text ever since the 1500s, when an unknown printer took</description>
                    <pubDate>2017-12-14</pubDate>       
                    <image>
                        <url>http://news365v3.bdtask.com/main_v4/uploads/1502887485.jpeg</url>
                        <title>Lorem Ipsum is simply dummy text of the printing</title>
                        <link>http://news365v3.bdtask.com/main_v4/world/details/132/Lorem-Ipsum-is-simply-dummy-text-of-the-printing</link>
                    </image>
                    <guid isPermaLink='false'>http://news365v3.bdtask.com/main_v4/world/details/132/Lorem-Ipsum-is-simply-dummy-text-of-the-printing</guid>
                    <image>http://news365v3.bdtask.com/main_v4/uploads/1502887485.jpeg</image>
                    <thumb>http://news365v3.bdtask.com/main_v4/uploads/thumb/1502887485.jpeg</thumb>
                    
                </item>

                <item>
                    <news_id>131</news_id>
                    <category>world</category>
                    <title>But I must explain to you how all this mistaken idea</title>
                    <link>http://news365v3.bdtask.com/main_v4/world/details/131/But-I-must-explain-to-you-how-all-this-mistaken-idea</link>
                    <description>But I must explain to you how all this mistaken idea of denouncing pleasure and praising pain was born and I will give you a complete account of the system,</description>
                    <pubDate>2017-12-12</pubDate>       
                    <image>
                        <url>http://news365v3.bdtask.com/main_v4/uploads/1502887485.jpeg</url>
                        <title>But I must explain to you how all this mistaken idea</title>
                        <link>http://news365v3.bdtask.com/main_v4/world/details/131/But-I-must-explain-to-you-how-all-this-mistaken-idea</link>
                    </image>
                    <guid isPermaLink='false'>http://news365v3.bdtask.com/main_v4/world/details/131/But-I-must-explain-to-you-how-all-this-mistaken-idea</guid>
                    <image>http://news365v3.bdtask.com/main_v4/uploads/1502887485.jpeg</image>
                    <thumb>http://news365v3.bdtask.com/main_v4/uploads/thumb/1502887485.jpeg</thumb>
                    
                </item>

                <item>
                    <news_id>130</news_id>
                    <category>world</category>
                    <title>Contrary to popular belief, Lorem Ipsum is not simply</title>
                    <link>http://news365v3.bdtask.com/main_v4/world/details/130/Contrary-to-popular-belief-Lorem-Ipsum-is-not-simply</link>
                    <description>Contrary to popular belief, Lorem Ipsum is not simply random text. It has roots in a piece of classical Latin literature from 45 BC, making it over 2000 years old.</description>
                    <pubDate>2017-12-12</pubDate>       
                    <image>
                        <url>http://news365v3.bdtask.com/main_v4/uploads/1502887485.jpeg</url>
                        <title>Contrary to popular belief, Lorem Ipsum is not simply</title>
                        <link>http://news365v3.bdtask.com/main_v4/world/details/130/Contrary-to-popular-belief-Lorem-Ipsum-is-not-simply</link>
                    </image>
                    <guid isPermaLink='false'>http://news365v3.bdtask.com/main_v4/world/details/130/Contrary-to-popular-belief-Lorem-Ipsum-is-not-simply</guid>
                    <image>http://news365v3.bdtask.com/main_v4/uploads/1502887485.jpeg</image>
                    <thumb>http://news365v3.bdtask.com/main_v4/uploads/thumb/1502887485.jpeg</thumb>
                    
                </item>

                <item>
                    <news_id>129</news_id>
                    <category>world</category>
                    <title>There are many variations of passages </title>
                    <link>http://news365v3.bdtask.com/main_v4/world/details/129/There-are-many-variations-of-passages</link>
                    <description>There are many variations of passages of Lorem Ipsum available, but the majority have suffered alteration in some form, by injected humour, or randomised words which don&amp;#39;t look even slightly</description>
                    <pubDate>2017-12-12</pubDate>       
                    <image>
                        <url>http://news365v3.bdtask.com/main_v4/uploads/1502887485.jpeg</url>
                        <title>There are many variations of passages </title>
                        <link>http://news365v3.bdtask.com/main_v4/world/details/129/There-are-many-variations-of-passages</link>
                    </image>
                    <guid isPermaLink='false'>http://news365v3.bdtask.com/main_v4/world/details/129/There-are-many-variations-of-passages</guid>
                    <image>http://news365v3.bdtask.com/main_v4/uploads/1502887485.jpeg</image>
                    <thumb>http://news365v3.bdtask.com/main_v4/uploads/thumb/1502887485.jpeg</thumb>
                    
                </item>

                <item>
                    <news_id>124</news_id>
                    <category>world</category>
                    <title>There are many variations of passages of Lorem Ipsum available</title>
                    <link>http://news365v3.bdtask.com/main_v4/world/details/124/There-are-many-variations-of-passages-of-Lorem-Ipsum-available</link>
                    <description>Lorem ipsum dolor sit amet, consectetur adipiscing elit. Sed dictum, neque ac vestibulum tincidunt, purus libero tristique tortor, euismod fermentum massa mi non nisi. Proin gravida dui non scelerisque dictum.</description>
                    <pubDate>2017-08-13</pubDate>       
                    <image>
                        <url>http://news365v3.bdtask.com/main_v4/uploads/1502887485.jpeg</url>
                        <title>There are many variations of passages of Lorem Ipsum available</title>
                        <link>http://news365v3.bdtask.com/main_v4/world/details/124/There-are-many-variations-of-passages-of-Lorem-Ipsum-available</link>
                    </image>
                    <guid isPermaLink='false'>http://news365v3.bdtask.com/main_v4/world/details/124/There-are-many-variations-of-passages-of-Lorem-Ipsum-available</guid>
                    <image>http://news365v3.bdtask.com/main_v4/uploads/1502887485.jpeg</image>
                    <thumb>http://news365v3.bdtask.com/main_v4/uploads/thumb/1502887485.jpeg</thumb>
                    
                </item>

                <item>
                    <news_id>123</news_id>
                    <category>world</category>
                    <title>There are many variations of passages of Lorem Ipsum available</title>
                    <link>http://news365v3.bdtask.com/main_v4/world/details/123/There-are-many-variations-of-passages-of-Lorem-Ipsum-available</link>
                    <description>Lorem ipsum dolor sit amet, consectetur adipiscing elit. Sed dictum, neque ac vestibulum tincidunt, purus libero tristique tortor, euismod fermentum massa mi non nisi. Proin gravida dui non scelerisque dictum.</description>
                    <pubDate>2017-08-13</pubDate>       
                    <image>
                        <url>http://news365v3.bdtask.com/main_v4/uploads/1502887485.jpeg</url>
                        <title>There are many variations of passages of Lorem Ipsum available</title>
                        <link>http://news365v3.bdtask.com/main_v4/world/details/123/There-are-many-variations-of-passages-of-Lorem-Ipsum-available</link>
                    </image>
                    <guid isPermaLink='false'>http://news365v3.bdtask.com/main_v4/world/details/123/There-are-many-variations-of-passages-of-Lorem-Ipsum-available</guid>
                    <image>http://news365v3.bdtask.com/main_v4/uploads/1502887485.jpeg</image>
                    <thumb>http://news365v3.bdtask.com/main_v4/uploads/thumb/1502887485.jpeg</thumb>
                    
                </item>

                <item>
                    <news_id>122</news_id>
                    <category>world</category>
                    <title>There are many variations of passages of Lorem Ipsum available</title>
                    <link>http://news365v3.bdtask.com/main_v4/world/details/122/There-are-many-variations-of-passages-of-Lorem-Ipsum-available</link>
                    <description>Lorem ipsum dolor sit amet, consectetur adipiscing elit. Sed dictum, neque ac vestibulum tincidunt, purus libero tristique tortor, euismod fermentum massa mi non nisi. Proin gravida dui non scelerisque dictum.</description>
                    <pubDate>2017-08-13</pubDate>       
                    <image>
                        <url>http://news365v3.bdtask.com/main_v4/uploads/1502887485.jpeg</url>
                        <title>There are many variations of passages of Lorem Ipsum available</title>
                        <link>http://news365v3.bdtask.com/main_v4/world/details/122/There-are-many-variations-of-passages-of-Lorem-Ipsum-available</link>
                    </image>
                    <guid isPermaLink='false'>http://news365v3.bdtask.com/main_v4/world/details/122/There-are-many-variations-of-passages-of-Lorem-Ipsum-available</guid>
                    <image>http://news365v3.bdtask.com/main_v4/uploads/1502887485.jpeg</image>
                    <thumb>http://news365v3.bdtask.com/main_v4/uploads/thumb/1502887485.jpeg</thumb>
                    
                </item>

                <item>
                    <news_id>121</news_id>
                    <category>world</category>
                    <title>Business Page  praesentium voluptatum deleniti atque corrupti</title>
                    <link>http://news365v3.bdtask.com/main_v4/world/details/121/Business-Page-praesentium-voluptatum-deleniti-atque-corrupti</link>
                    <description>Lorem ipsum dolor sit amet, consectetur adipiscing elit. Sed dictum, neque ac vestibulum tincidunt, purus libero tristique tortor, euismod fermentum massa mi non nisi. Proin gravida dui non scelerisque dictum.</description>
                    <pubDate>2017-08-13</pubDate>       
                    <image>
                        <url>http://news365v3.bdtask.com/main_v4/uploads/1502887485.jpeg</url>
                        <title>Business Page  praesentium voluptatum deleniti atque corrupti</title>
                        <link>http://news365v3.bdtask.com/main_v4/world/details/121/Business-Page-praesentium-voluptatum-deleniti-atque-corrupti</link>
                    </image>
                    <guid isPermaLink='false'>http://news365v3.bdtask.com/main_v4/world/details/121/Business-Page-praesentium-voluptatum-deleniti-atque-corrupti</guid>
                    <image>http://news365v3.bdtask.com/main_v4/uploads/1502887485.jpeg</image>
                    <thumb>http://news365v3.bdtask.com/main_v4/uploads/thumb/1502887485.jpeg</thumb>
                    
                </item>
</channel>
</rss>